{
    "SUFFOLK": 0.10535106918948978,
    "QUEENS": 0.101648782384557,
    "KINGS": 0.0926470618978035,
    "NASSAU": 0.07586447665217946,
    "BRONX": 0.06909123597008904,
    "ERIE": 0.05348142480553064,
    "NEW YORK": 0.05248634376705069,
    "WESTCHESTER": 0.044822547365648384,
    "MONROE": 0.04187702387149239,
    "ORANGE": 0.030331157116188254,
    "ONONDAGA": 0.027053243107077827,
    "RICHMOND": 0.02439411898744233,
    "ALBANY": 0.023852677834151768,
    "DUTCHESS": 0.020139938497302202,
    "ROCKLAND": 0.01591502509652913,
    "SARATOGA": 0.013051031351324231,
    "NIAGARA": 0.012568124376767784,
    "BROOME": 0.011882438283025298,
    "ONEIDA": 0.010695030657276111,
    "RENSSELAER": 0.01023511925293664,
    "ULSTER": 0.009173142010189128,
    "CAYUGA": 0.007971100839756414,
    "HERKIMER": 0.007661705895018951,
    "CHAUTAUQUA": 0.007151622337478808,
    "ONTARIO": 0.007026191954477133,
    "CHEMUNG": 0.006643629286322026,
    "OSWEGO": 0.006428307128835818,
    "FULTON": 0.00626315712455028,
    "PUTNAM": 0.006093826107498019,
    "ST. LAWRENCE": 0.00585968939256156,
    "JEFFERSON": 0.005690358375509299,
    "CLINTON": 0.005339153303104611,
    "CATTARAUGUS": 0.005119650132851681,
    "SULLIVAN": 0.005027667851983786,
    "GENESEE": 0.004793531137047327,
    "COLUMBIA": 0.004433964039109194,
    "MADISON": 0.004256270996523488,
    "WARREN": 0.0038987944049687154,
    "LIVINGSTON": 0.0037169203496162876,
    "DELAWARE": 0.003303000085710762,
    "WASHINGTON": 0.0031545741324921135,
    "ALLEGANY": 0.0030709538771576637,
    "GREENE": 0.003029143749490439,
    "WAYNE": 0.0028451791877546497,
    "CHENANGO": 0.0027573779196534776,
    "TOMPKINS": 0.002682119689852473,
    "ORLEANS": 0.002627766523885081,
    "SCHENECTADY": 0.0026089519664348297,
    "FRANKLIN": 0.002502336140883406,
    "SENECA": 0.002232660817429806,
    "LEWIS": 0.0021845791706124975,
    "TIOGA": 0.002174126638695691,
    "STEUBEN": 0.002111411447194854,
    "UNKNOWN": 0.002040334230160572,
    "ESSEX": 0.0019964335961099857,
    "SCHUYLER": 0.0016974911832893281,
    "OTSEGO": 0.0013901867449352256,
    "CORTLAND": 0.001367191174718252,
    "WYOMING": 0.0013253810470510272,
    "MONTGOMERY": 0.001089153825731207,
    "SCHOHARIE": 0.0009616329363461711,
    "YATES": 0.000675233561825681,
    "HAMILTON": 0.0002362272213198203,
    "Unknown": 0
}