{
    "SUFFOLK": 0.1053824267852402,
    "QUEENS": 0.10160488175050643,
    "KINGS": 0.09280803088932232,
    "NASSAU": 0.07601499311178146,
    "BRONX": 0.06843063595294688,
    "ERIE": 0.05365493683534963,
    "NEW YORK": 0.05194072160099341,
    "WESTCHESTER": 0.04476610369329763,
    "MONROE": 0.042019178305560956,
    "ORANGE": 0.03037087673747212,
    "ONONDAGA": 0.026971713358126738,
    "RICHMOND": 0.024630346208762147,
    "ALBANY": 0.023748152514983703,
    "DUTCHESS": 0.020229830271786736,
    "ROCKLAND": 0.016007007377397027,
    "SARATOGA": 0.01313465160665868,
    "NIAGARA": 0.012687283240619376,
    "BROOME": 0.01160231042765489,
    "ONEIDA": 0.010937529397746016,
    "RENSSELAER": 0.010364730648705037,
    "ULSTER": 0.009133422388905264,
    "CAYUGA": 0.007897933116338771,
    "HERKIMER": 0.007672158426935757,
    "CHAUTAUQUA": 0.007109812209811582,
    "ONTARIO": 0.007049187524694107,
    "CHEMUNG": 0.006637357767171942,
    "OSWEGO": 0.006468026750119682,
    "FULTON": 0.006300786239450782,
    "PUTNAM": 0.005991391294713318,
    "ST. LAWRENCE": 0.005849236860644754,
    "JEFFERSON": 0.005652729260608797,
    "CLINTON": 0.005339153303104611,
    "CATTARAUGUS": 0.005132193171151848,
    "SULLIVAN": 0.004979586205166478,
    "GENESEE": 0.0047559020221468245,
    "COLUMBIA": 0.004574027966794397,
    "MADISON": 0.004258361502906849,
    "WARREN": 0.003955238077319469,
    "LIVINGSTON": 0.0036479336389653666,
    "DELAWARE": 0.003271642489960343,
    "WASHINGTON": 0.00314830261334203,
    "GREENE": 0.00309813046014136,
    "ALLEGANY": 0.003073044383541025,
    "WAYNE": 0.0028514507069047337,
    "CHENANGO": 0.0027741019707203675,
    "SCHENECTADY": 0.002638219055801887,
    "TOMPKINS": 0.0026361285494185256,
    "ORLEANS": 0.002611042472818191,
    "FRANKLIN": 0.002502336140883406,
    "SENECA": 0.002316281072764256,
    "LEWIS": 0.0022033937280627486,
    "TIOGA": 0.002161583600395524,
    "STEUBEN": 0.002144859549328634,
    "UNKNOWN": 0.0020779633450610743,
    "ESSEX": 0.0019671665067429282,
    "SCHUYLER": 0.0017372108045731918,
    "CORTLAND": 0.0014027297832353931,
    "OTSEGO": 0.0013692816811016132,
    "WYOMING": 0.001340014591734556,
    "MONTGOMERY": 0.001064067749130872,
    "SCHOHARIE": 0.0009804474937964223,
    "YATES": 0.000700319638426016,
    "HAMILTON": 0.00021950317025293037,
    "Unknown": 0
}