{
    "SUFFOLK": 0.10531134956820591,
    "QUEENS": 0.10171567858882458,
    "KINGS": 0.09273486316590468,
    "NASSAU": 0.07593137285644702,
    "BRONX": 0.06909959799562249,
    "ERIE": 0.05366329886088307,
    "NEW YORK": 0.052540696933018084,
    "WESTCHESTER": 0.044960520786950224,
    "MONROE": 0.041793403616157944,
    "ORANGE": 0.030513031171540684,
    "ONONDAGA": 0.02705951462622791,
    "RICHMOND": 0.024249874046990402,
    "ALBANY": 0.02374188099583362,
    "DUTCHESS": 0.02012112393985195,
    "ROCKLAND": 0.015831404841194684,
    "SARATOGA": 0.013109565530058346,
    "NIAGARA": 0.012632930074651983,
    "BROOME": 0.011665025619155727,
    "ONEIDA": 0.011006516108396936,
    "RENSSELAER": 0.010327101533804534,
    "ULSTER": 0.00909161226123804,
    "CAYUGA": 0.007833127418454572,
    "HERKIMER": 0.007793407797170708,
    "ONTARIO": 0.007151622337478808,
    "CHAUTAUQUA": 0.007141169805562001,
    "CHEMUNG": 0.006608090677804885,
    "OSWEGO": 0.00653283244800388,
    "FULTON": 0.0062464330734833895,
    "PUTNAM": 0.005997662813863402,
    "ST. LAWRENCE": 0.005845055847878032,
    "JEFFERSON": 0.005619281158475017,
    "CLINTON": 0.005383053937155197,
    "CATTARAUGUS": 0.005098745069018068,
    "SULLIVAN": 0.0049524096221827815,
    "GENESEE": 0.0047663545540636305,
    "COLUMBIA": 0.00441096846889222,
    "MADISON": 0.004201917830556096,
    "WARREN": 0.0039238804815690505,
    "LIVINGSTON": 0.0036625671836488954,
    "DELAWARE": 0.0032925475537939554,
    "WASHINGTON": 0.0031441216005753075,
    "GREENE": 0.0030521393197074126,
    "ALLEGANY": 0.0029894241282065756,
    "WAYNE": 0.0028263646303043986,
    "CHENANGO": 0.0027573779196534776,
    "TOMPKINS": 0.0026005899409013845,
    "ORLEANS": 0.0025859563962178558,
    "SCHENECTADY": 0.002579684877067772,
    "FRANKLIN": 0.002466797532366265,
    "SENECA": 0.0021992127152960263,
    "LEWIS": 0.00218876018337922,
    "TIOGA": 0.0021511310684787176,
    "STEUBEN": 0.00213858803017855,
    "UNKNOWN": 0.0020779633450610743,
    "ESSEX": 0.0019441709365259547,
    "SCHUYLER": 0.0017100342215894957,
    "CORTLAND": 0.0013964582640853093,
    "OTSEGO": 0.0013901867449352256,
    "WYOMING": 0.0013107475023674984,
    "MONTGOMERY": 0.0010745202810476782,
    "SCHOHARIE": 0.0009511804044293649,
    "YATES": 0.0006898671065092097,
    "HAMILTON": 0.00021323165110284664,
    "Unknown": 0
}