{
    "SUFFOLK": 0.1051817381724375,
    "QUEENS": 0.10164669187817366,
    "KINGS": 0.09271395810207106,
    "NASSAU": 0.07581430449897879,
    "BRONX": 0.06942571699142683,
    "ERIE": 0.05392879317156995,
    "NEW YORK": 0.05226684059679776,
    "WESTCHESTER": 0.04475983217414754,
    "MONROE": 0.04196900615236029,
    "ORANGE": 0.030297709014054475,
    "ONONDAGA": 0.02720794057944656,
    "RICHMOND": 0.024224787970390068,
    "ALBANY": 0.02389239745543563,
    "DUTCHESS": 0.019824272033414653,
    "ROCKLAND": 0.015883667500778714,
    "SARATOGA": 0.0131660092024091,
    "NIAGARA": 0.012591119946984758,
    "BROOME": 0.011780003470240597,
    "ONEIDA": 0.010872723699861817,
    "RENSSELAER": 0.01028738191252067,
    "ULSTER": 0.00910833631230493,
    "CAYUGA": 0.007843579950371379,
    "HERKIMER": 0.0076909729843860075,
    "CHAUTAUQUA": 0.007097269171511415,
    "ONTARIO": 0.0070554590438441905,
    "CHEMUNG": 0.00663317675440522,
    "OSWEGO": 0.006509836877786906,
    "FULTON": 0.00619626092028272,
    "PUTNAM": 0.006064559018130962,
    "ST. LAWRENCE": 0.0058429653414946705,
    "JEFFERSON": 0.005619281158475017,
    "CLINTON": 0.0052638950733036064,
    "CATTARAUGUS": 0.005134283677535209,
    "SULLIVAN": 0.00495031911579942,
    "GENESEE": 0.004722453920013045,
    "COLUMBIA": 0.004517584294443643,
    "MADISON": 0.0042709045412070165,
    "WARREN": 0.00404094883903728,
    "LIVINGSTON": 0.0036834722474825077,
    "DELAWARE": 0.0032486469197433696,
    "WASHINGTON": 0.0031524836261087523,
    "ALLEGANY": 0.003060501345240858,
    "GREENE": 0.003012419698423549,
    "WAYNE": 0.0028807177962717908,
    "CHENANGO": 0.002797097540937341,
    "TOMPKINS": 0.0026528526004854155,
    "ORLEANS": 0.0026089519664348297,
    "SCHENECTADY": 0.00257550386430105,
    "FRANKLIN": 0.002450073481299375,
    "SENECA": 0.0022640184131802244,
    "LEWIS": 0.00218876018337922,
    "TIOGA": 0.002153221574862079,
    "UNKNOWN": 0.0021302260046451053,
    "STEUBEN": 0.0020821443578277967,
    "ESSEX": 0.001937899417375871,
    "SCHUYLER": 0.0017434823237232756,
    "OTSEGO": 0.0014340873789858118,
    "CORTLAND": 0.0013379240853511945,
    "WYOMING": 0.0013358335789678333,
    "MONTGOMERY": 0.0010598867363641495,
    "SCHOHARIE": 0.0009825380001797835,
    "YATES": 0.0006856860937424872,
    "HAMILTON": 0.0002445892468532653,
    "Unknown": 0
}