{
    "SUFFOLK": 0.10520242330993365,
    "QUEENS": 0.10134126609163925,
    "KINGS": 0.0925925151665921,
    "NASSAU": 0.07593748562779866,
    "BRONX": 0.06901792396426078,
    "ERIE": 0.05395167595546395,
    "NEW YORK": 0.05222910229662551,
    "WESTCHESTER": 0.04487889721837802,
    "MONROE": 0.04190829385768698,
    "ORANGE": 0.03055477742425066,
    "ONONDAGA": 0.026934027937468904,
    "RICHMOND": 0.024381524979408556,
    "ALBANY": 0.023750193371436218,
    "DUTCHESS": 0.02006881932627301,
    "ROCKLAND": 0.01589199630399244,
    "SARATOGA": 0.013032189549998536,
    "NIAGARA": 0.012622451155420463,
    "BROOME": 0.011725625791777638,
    "ONEIDA": 0.010981407075095014,
    "RENSSELAER": 0.010345894463096368,
    "ULSTER": 0.009166851327677828,
    "CAYUGA": 0.007952269658035681,
    "HERKIMER": 0.007697228412430961,
    "ONTARIO": 0.007088892326603311,
    "CHAUTAUQUA": 0.007017815258156094,
    "CHEMUNG": 0.006624800879683247,
    "OSWEGO": 0.0066206198756569405,
    "FULTON": 0.006192066962960485,
    "PUTNAM": 0.0060791798542502,
    "ST. LAWRENCE": 0.005840862624750707,
    "JEFFERSON": 0.005694527483829967,
    "CLINTON": 0.005345413647633343,
    "CATTARAUGUS": 0.005119639430212771,
    "SULLIVAN": 0.0050151143295550996,
    "GENESEE": 0.004737077561805692,
    "COLUMBIA": 0.0044820363162009725,
    "MADISON": 0.0042290855726094066,
    "WARREN": 0.003934324788754772,
    "LIVINGSTON": 0.0037210935834131207,
    "DELAWARE": 0.003336441212992888,
    "WASHINGTON": 0.00317338205596692,
    "GREENE": 0.0030772189633618617,
    "ALLEGANY": 0.003010322898940952,
    "WAYNE": 0.002853535247954444,
    "CHENANGO": 0.002746919645283618,
    "ORLEANS": 0.002654937556704867,
    "TOMPKINS": 0.002611037014428645,
    "SCHENECTADY": 0.002611037014428645,
    "FRANKLIN": 0.0025044214117578194,
    "SENECA": 0.0022953712104424756,
    "LEWIS": 0.0022075701258900313,
    "TIOGA": 0.00212185954335074,
    "UNKNOWN": 0.002103045025232359,
    "STEUBEN": 0.0020863210091271317,
    "ESSEX": 0.001958800386324772,
    "SCHUYLER": 0.0017142116507858198,
    "OTSEGO": 0.001348373798483968,
    "CORTLAND": 0.001344192794457661,
    "WYOMING": 0.0013128352642603595,
    "MONTGOMERY": 0.0010828800428134813,
    "SCHOHARIE": 0.001005531468326804,
    "YATES": 0.0007044991784327089,
    "HAMILTON": 0.00022786471943372482,
    "Unknown": 0
}