{
    "SUFFOLK": 0.10521705682402573,
    "QUEENS": 0.1017698190043357,
    "KINGS": 0.0926510492229604,
    "NASSAU": 0.0759583906479302,
    "BRONX": 0.06904300998841861,
    "ERIE": 0.054031115031963776,
    "NEW YORK": 0.05225836932480966,
    "WESTCHESTER": 0.04500641784118038,
    "MONROE": 0.04203581448048935,
    "ORANGE": 0.030329003206830088,
    "ONONDAGA": 0.026902670407271602,
    "RICHMOND": 0.024465145059934693,
    "ALBANY": 0.02384844696605443,
    "DUTCHESS": 0.020133624888680767,
    "ROCKLAND": 0.01585018626372937,
    "SARATOGA": 0.012952750473498706,
    "NIAGARA": 0.01265798968964407,
    "BROOME": 0.011658729727356728,
    "ONEIDA": 0.010897786994568876,
    "RENSSELAER": 0.010287360406728072,
    "ULSTER": 0.009129222291441067,
    "CAYUGA": 0.007966903172127754,
    "HERKIMER": 0.00761151782989167,
    "ONTARIO": 0.0071286118648532255,
    "CHAUTAUQUA": 0.007107706844721691,
    "CHEMUNG": 0.006697968450143617,
    "OSWEGO": 0.006543271301170263,
    "FULTON": 0.006231786501210401,
    "PUTNAM": 0.006064546340158125,
    "ST. LAWRENCE": 0.005830410114684941,
    "JEFFERSON": 0.005569097363040761,
    "CLINTON": 0.0052408885469756705,
    "CATTARAUGUS": 0.005052743365791861,
    "SULLIVAN": 0.004990028305397258,
    "GENESEE": 0.004739168063818845,
    "COLUMBIA": 0.004569837400753417,
    "MADISON": 0.004235357078648866,
    "WARREN": 0.003953139306873152,
    "LIVINGSTON": 0.0036332924988606765,
    "DELAWARE": 0.00324027812038783,
    "WASHINGTON": 0.0031253005096643907,
    "GREENE": 0.003054223441217174,
    "ALLEGANY": 0.0030145039029672587,
    "CHENANGO": 0.002797091693599301,
    "WAYNE": 0.0027594626573625393,
    "TOMPKINS": 0.002684204584889015,
    "ORLEANS": 0.0026319420345601793,
    "SCHENECTADY": 0.0026235800265075656,
    "FRANKLIN": 0.0025002404077315125,
    "SENECA": 0.002238927656087333,
    "LEWIS": 0.0021657600856269626,
    "STEUBEN": 0.0021155880373112798,
    "TIOGA": 0.0020946830171797454,
    "UNKNOWN": 0.0020612349849692905,
    "ESSEX": 0.0019023568319696293,
    "SCHUYLER": 0.0017455691809831213,
    "OTSEGO": 0.001429903376996952,
    "WYOMING": 0.0013191067702998198,
    "CORTLAND": 0.001314925766273513,
    "MONTGOMERY": 0.0010368889985241055,
    "SCHOHARIE": 0.0009511784159848146,
    "YATES": 0.0006835941583011744,
    "HAMILTON": 0.0002592222496310264,
    "Unknown": 0
}