{
    "NYC": 0.47183774325654904,
    "ALBANY": 0.14980777793804995,
    "HAUPPAUGE": 0.10533016412565616,
    "BUFFALO": 0.07956676345711222,
    "SYRACUSE": 0.0778797248057397,
    "ROCHESTER": 0.07052532334907485,
    "BINGHAMTON": 0.038097388330375265,
    "STATEWIDE": 0.006955114737442851,
    "Unknown": 0
}