{
    "NYC": 0.4719914540277702,
    "ALBANY": 0.14999770044778554,
    "HAUPPAUGE": 0.105384296985078,
    "BUFFALO": 0.079675303227317,
    "SYRACUSE": 0.07750954314169005,
    "ROCHESTER": 0.07042065081508674,
    "BINGHAMTON": 0.038084765675629344,
    "STATEWIDE": 0.0069362856796431095,
    "Unknown": 0
}