{
    "NYC": 0.47134339840369266,
    "ALBANY": 0.15033009026787691,
    "HAUPPAUGE": 0.10538638748709114,
    "BUFFALO": 0.07949761055619897,
    "SYRACUSE": 0.07800708262082057,
    "ROCHESTER": 0.07051263290366548,
    "BINGHAMTON": 0.03804086513335312,
    "STATEWIDE": 0.00688193262730112,
    "Unknown": 0
}