{
    "NYC": 0.4720551559204186,
    "ALBANY": 0.15001682857638607,
    "HAUPPAUGE": 0.10549949514270841,
    "BUFFALO": 0.07939116092090988,
    "SYRACUSE": 0.07792989695894037,
    "ROCHESTER": 0.07023265245540428,
    "BINGHAMTON": 0.03794060035162317,
    "STATEWIDE": 0.006934209673609238,
    "Unknown": 0
}