{
    "NYC": 0.4718649198395327,
    "ALBANY": 0.15005445769128656,
    "HAUPPAUGE": 0.1055705723597427,
    "BUFFALO": 0.07915284319320669,
    "SYRACUSE": 0.07762886403973634,
    "ROCHESTER": 0.07049187524694106,
    "BINGHAMTON": 0.038331525045311725,
    "STATEWIDE": 0.006904942584242181,
    "Unknown": 0
}