{
    "NYC": 0.47121059134154064,
    "ALBANY": 0.15049764504455915,
    "HAUPPAUGE": 0.10558311539804287,
    "BUFFALO": 0.07940370395921004,
    "SYRACUSE": 0.07770830328230408,
    "ROCHESTER": 0.07061103411079266,
    "BINGHAMTON": 0.038038854151641155,
    "STATEWIDE": 0.006946752711909406,
    "Unknown": 0
}