{
    "62.0": 0.19926497795561018,
    "92.0": 0.16043800289744184,
    "61.0": 0.07719612921838057,
    "44.0": 0.07612788045648297,
    "48.0": 0.06505028713105175,
    "23.0": 0.053657027341732985,
    "72.0": 0.04610611828503218,
    "56.0": 0.036611038291805426,
    "45.0": 0.03147466410788685,
    "33.0": 0.029944413435266423,
    "49.0": 0.029271270379824105,
    "42.0": 0.026459539294203235,
    "81.0": 0.022842963250988287,
    "32.0": 0.018912811250269154,
    "31.0": 0.01767941248408602,
    "Unknown": 0.017432732730849394,
    "71.0": 0.017386741590415446,
    "54.0": 0.017018812466943867,
    "51.0": 0.01586067193056174,
    "53.0": 0.015551276985824276,
    "52.0": 0.014487209236693404,
    "22.0": 0.005207451400952853,
    "11.0": 0.00419146529863929,
    "21.0": 0.0011894981321325464,
    "55.0": 0.0006376044469251787
}