{
    "62.0": 0.1992917379179436,
    "92.0": 0.16092475447053856,
    "61.0": 0.07732139796050623,
    "44.0": 0.07601274370027218,
    "48.0": 0.06489336349230904,
    "23.0": 0.05388477989104303,
    "72.0": 0.046156193948414775,
    "56.0": 0.03646462661543543,
    "45.0": 0.031342896683209505,
    "33.0": 0.029915083808225707,
    "49.0": 0.029057977982832797,
    "42.0": 0.02677514978446924,
    "81.0": 0.022928626080266915,
    "32.0": 0.018808246612341487,
    "31.0": 0.017662651509133404,
    "Unknown": 0.01733862369709462,
    "71.0": 0.017273818134686862,
    "54.0": 0.016928885302516548,
    "51.0": 0.01595053036036074,
    "53.0": 0.015521977447664282,
    "52.0": 0.014313667284061594,
    "22.0": 0.00515517796443638,
    "11.0": 0.004214452058517332,
    "21.0": 0.0012187626736684548,
    "55.0": 0.0006438746200512592
}