{
    "62.0": 0.19916839829916755,
    "92.0": 0.16047529653771056,
    "61.0": 0.07732766946654569,
    "44.0": 0.07630750448412682,
    "48.0": 0.06516721925603214,
    "23.0": 0.05390359440916142,
    "72.0": 0.04593669123703366,
    "56.0": 0.03682210245968467,
    "45.0": 0.031104579453710014,
    "33.0": 0.030078142965251676,
    "49.0": 0.029124874047253706,
    "42.0": 0.02646993649054884,
    "81.0": 0.022872182525911774,
    "32.0": 0.0187852510901968,
    "31.0": 0.017516316368212662,
    "71.0": 0.01746614431989698,
    "Unknown": 0.017311447170923627,
    "54.0": 0.017114939981687203,
    "51.0": 0.01601324542075534,
    "53.0": 0.015674584094624484,
    "52.0": 0.01415897013508824,
    "22.0": 0.005219983526844136,
    "11.0": 0.004149646496109576,
    "21.0": 0.0012166721716553013,
    "55.0": 0.000614607591867111
}