{
    "62.0": 0.19948657163224648,
    "92.0": 0.16046936049319227,
    "61.0": 0.0773989083375666,
    "44.0": 0.07588329120962971,
    "48.0": 0.06502938206721814,
    "23.0": 0.05398941785668743,
    "72.0": 0.045825990429661775,
    "56.0": 0.036548323100304585,
    "45.0": 0.031255160937633926,
    "33.0": 0.029977861537400206,
    "49.0": 0.029252455822373853,
    "42.0": 0.026647684868705748,
    "81.0": 0.022874320846738707,
    "32.0": 0.01870585111831639,
    "31.0": 0.017633421343652072,
    "Unknown": 0.017315664373381164,
    "71.0": 0.017227863105279993,
    "54.0": 0.01705644158184437,
    "51.0": 0.016015369402930472,
    "53.0": 0.01571015547095973,
    "52.0": 0.014309516194107698,
    "22.0": 0.005259714060536884,
    "11.0": 0.00424372795822332,
    "21.0": 0.00122921775341641,
    "55.0": 0.0006543284979920686
}