{
    "62.0": 0.19936950327477826,
    "92.0": 0.16072231176557897,
    "61.0": 0.07746789504821754,
    "44.0": 0.0761320614692497,
    "48.0": 0.06494576181188369,
    "23.0": 0.05368838493748341,
    "72.0": 0.046181376514833186,
    "56.0": 0.03668838702798979,
    "45.0": 0.03126979448231745,
    "33.0": 0.030076115337418184,
    "49.0": 0.028901250749969166,
    "42.0": 0.026478353851653487,
    "81.0": 0.023064556927624578,
    "32.0": 0.01897552644176999,
    "31.0": 0.017666869445785854,
    "71.0": 0.017349112475514943,
    "Unknown": 0.017336569437214778,
    "54.0": 0.01702299347971059,
    "51.0": 0.015925477628445938,
    "53.0": 0.015333864321954707,
    "52.0": 0.014271887079207197,
    "22.0": 0.005146826715835376,
    "11.0": 0.00412456909437173,
    "21.0": 0.0012313082597997713,
    "55.0": 0.0006292424213917337
}