{
    "62.0": 0.19855002477250064,
    "92.0": 0.16111114595288417,
    "61.0": 0.07730692605669871,
    "44.0": 0.07615505703946666,
    "48.0": 0.06499175295231764,
    "23.0": 0.053891164056669445,
    "72.0": 0.04632562145528511,
    "56.0": 0.03665075791308929,
    "45.0": 0.031207079290816616,
    "33.0": 0.030126287490618853,
    "49.0": 0.028991142524453697,
    "42.0": 0.026424000685686094,
    "81.0": 0.022857596795671814,
    "32.0": 0.01874138972683353,
    "31.0": 0.01755816311385107,
    "71.0": 0.01747663336489998,
    "Unknown": 0.01733029791806469,
    "54.0": 0.016979092845660005,
    "51.0": 0.016042545985914168,
    "53.0": 0.015737332053943426,
    "52.0": 0.014315787713257783,
    "22.0": 0.005159369754135544,
    "11.0": 0.004204008336939457,
    "21.0": 0.0011790456002157403,
    "55.0": 0.0006877766001258485
}