{
    "42.0": 0.09044556959908352,
    "53.0": 0.08366189056640061,
    "-9.0": 0.0730985838939363,
    "38.0": 0.06580900337407025,
    "36.0": 0.06268997437044532,
    "35.0": 0.054900763869435605,
    "55.0": 0.04339673129105223,
    "90.0": 0.039330704875468796,
    "34.0": 0.03273099001994339,
    "56.0": 0.032714266003838165,
    "Unknown": 0.02975411515321289,
    "33.0": 0.026800235808627084,
    "60.0": 0.024552946144487137,
    "18.0": 0.02400105361301463,
    "14.0": 0.022696580356806884,
    "37.0": 0.021793483487124597,
    "54.0": 0.02029250304168043,
    "31.0": 0.019412401694142833,
    "91.0": 0.018965034263327997,
    "32.0": 0.017413881769568144,
    "41.0": 0.014322029292114208,
    "10.0": 0.013749231740510166,
    "11.0": 0.013644706639852493,
    "44.0": 0.013354126860024166,
    "61.0": 0.011840603402501076,
    "51.0": 0.011159099746213055,
    "66.0": 0.010686646291240378,
    "25.0": 0.01031035592887276,
    "65.0": 0.00919820885787513,
    "52.0": 0.007525807247352379,
    "13.0": 0.006844303591064358,
    "19.0": 0.006769045518590835,
    "48.0": 0.0064366556984994374,
    "20.0": 0.004912679730910581,
    "39.0": 0.004586561416858644,
    "30.0": 0.004567746898740264,
    "57.0": 0.004450678786003671,
    "15.0": 0.003620749486781756,
    "12.0": 0.0034723238438478616,
    "63.0": 0.003422151795532179,
    "43.0": 0.0033887037633217243,
    "50.0": 0.0033385317150060414,
    "40.0": 0.003121119505638084,
    "58.0": 0.003121119505638084,
    "17.0": 0.0027448291432704648,
    "21.0": 0.0023392717527186977,
    "99.0": 0.0021950271138111107,
    "62.0": 0.0019734339004168462,
    "22.0": 0.0018793613098249413,
    "16.0": 0.001377640826668116,
    "46.0": 0.0013023827541945923,
    "49.0": 0.001110056568984476,
    "23.0": 0.0008382913072745289,
    "47.0": 0.0007212231945379363,
    "45.0": 0.0007170421905116295,
    "24.0": 0.00025713174761787295,
    "26.0": 0.00014424463890758726,
    "64.0": 9.616309260505818e-05
}