{
    "52.0": 0.2669325790786302,
    "10.0": 0.19292447209487554,
    "49.0": 0.09720436581353101,
    "40.0": 0.08211509073842957,
    "59.0": 0.06283853137745556,
    "83.0": 0.044795370782664684,
    "28.0": 0.039587919381711835,
    "43.0": 0.030147192554452466,
    "Unknown": 0.027412810205015962,
    "90.0": 0.02215936766362916,
    "37.0": 0.02195658854444312,
    "4.0": 0.013203638317309602,
    "25.0": 0.012818985142771133,
    "1.0": 0.010316649001887727,
    "16.0": 0.010180766086969247,
    "7.0": 0.009645596452828769,
    "13.0": 0.009047711627187453,
    "80.0": 0.0049294140519658075,
    "78.0": 0.004860427341314887,
    "34.0": 0.004707820375329516,
    "71.0": 0.0033719867963616828,
    "31.0": 0.0033698962899783216,
    "77.0": 0.002717658298369614,
    "53.0": 0.0024877025961998773,
    "65.0": 0.0022702899323303084,
    "46.0": 0.0021406785365619112,
    "68.0": 0.0018124690343741966,
    "36.0": 0.0016682240939222708,
    "72.0": 0.0015177076343202613,
    "2.0": 0.001289842438533886,
    "73.0": 0.0012229462342663263,
    "19.0": 0.0011100588895648193,
    "69.0": 0.000796482932060633,
    "41.0": 0.000796482932060633,
    "32.0": 0.0007504917916266857,
    "42.0": 0.0006794145745924035,
    "91.0": 0.0006355139405418175,
    "47.0": 0.0005853417873411476,
    "66.0": 0.0004954500128566142,
    "58.0": 0.0004724544426396406,
    "74.0": 0.00033448102133779863,
    "38.0": 0.00032193798303763123,
    "3.0": 0.00031357595750418626,
    "55.0": 0.0002445892468532653,
    "61.0": 0.00019441709365259548,
    "54.0": 0.00016933101705226056,
    "60.0": 0.00014006392768520318,
    "30.0": 0.00011915886385159076,
    "75.0": 5.6443672350753524e-05,
    "67.0": 4.390063405058607e-05,
    "70.0": 2.50860766003349e-05,
    "64.0": 2.2995570216973658e-05,
    "22.0": 1.0452531916806207e-05,
    "76.0": 8.362025533444966e-06,
    "62.0": 8.362025533444966e-06,
    "79.0": 8.362025533444966e-06,
    "63.0": 2.0905063833612415e-06
}