{
    "56.0": 0.08123916856380121,
    "74.0": 0.0644544928117938,
    "60.0": 0.05787566922335597,
    "31.0": 0.05528971282713812,
    "29.0": 0.051175596264683196,
    "57.0": 0.046310987910601585,
    "83.0": 0.04356406252286491,
    "99.0": 0.03928688646250781,
    "75.0": 0.031986838171810354,
    "45.0": 0.02925036531599049,
    "Unknown": 0.027389814634798986,
    "19.0": 0.025619155728092015,
    "81.0": 0.02528885571952094,
    "79.0": 0.02161583600395524,
    "32.0": 0.021107842952798456,
    "53.0": 0.020752456867627046,
    "25.0": 0.020739913829326877,
    "97.0": 0.020503686608007058,
    "33.0": 0.020060499254734476,
    "68.0": 0.018967164416236543,
    "27.0": 0.017802752360704333,
    "17.0": 0.017522624505333928,
    "16.0": 0.01722577259889663,
    "89.0": 0.013596653517381515,
    "12.0": 0.013245448444976826,
    "55.0": 0.013113746542825069,
    "13.0": 0.012551400325700894,
    "85.0": 0.011361902193568347,
    "26.0": 0.011257376874400286,
    "87.0": 0.008677691997332515,
    "50.0": 0.008656786933498901,
    "90.0": 0.008134160337658592,
    "30.0": 0.00799618691635675,
    "58.0": 0.0078080413418542376,
    "98.0": 0.007680520452469202,
    "70.0": 0.007042916005544023,
    "10.0": 0.0068004172650741185,
    "77.0": 0.006445031179902708,
    "18.0": 0.005790702681910639,
    "80.0": 0.005688267869125938,
    "76.0": 0.005665272298908965,
    "82.0": 0.005498031788240066,
    "59.0": 0.0051510077286021,
    "2.0": 0.005054844434967482,
    "66.0": 0.00478098809874716,
    "9.0": 0.004379610873141801,
    "15.0": 0.00407439694117106,
    "5.0": 0.003599851992148058,
    "28.0": 0.0032256513495263956,
    "1.0": 0.0032235608431430344,
    "46.0": 0.00254205576216727,
    "54.0": 0.0024417114557659303,
    "52.0": 0.002278651957863753,
    "78.0": 0.0022201177791296386,
    "69.0": 0.0020089766344101533,
    "6.0": 0.0017539348556400818,
    "84.0": 0.0012438512980999386,
    "94.0": 0.0012313082597997713,
    "48.0": 0.0010954253448812905,
    "20.0": 0.0009783569874130611,
    "65.0": 0.0009240038214456688,
    "4.0": 0.0008341120469611354,
    "3.0": 0.0007797588809937431,
    "88.0": 0.000744220272476602,
    "61.0": 0.0006731430554423198,
    "95.0": 0.00046409241710619565,
    "41.0": 0.0004620019107228344,
    "11.0": 0.00035538608517141106,
    "86.0": 0.0002571322851534327,
    "96.0": 0.0002550417787700715,
    "67.0": 0.0002445892468532653,
    "93.0": 0.000190236080885873,
    "7.0": 0.00014215443406856443,
    "91.0": 9.407278725125587e-05,
    "40.0": 8.780126810117214e-05,
    "14.0": 8.152974895108843e-05,
    "8.0": 6.0624685117476004e-05,
    "47.0": 2.50860766003349e-05
}