{
    "52.0": 0.2666315461594262,
    "10.0": 0.19293074361402562,
    "49.0": 0.09729007657524882,
    "40.0": 0.08235758947889947,
    "59.0": 0.0628636174540559,
    "83.0": 0.0450587745869682,
    "28.0": 0.03953356621574444,
    "43.0": 0.030174369137436163,
    "Unknown": 0.027239298175196977,
    "90.0": 0.022144734118945634,
    "37.0": 0.021812343603991195,
    "4.0": 0.013109565530058346,
    "25.0": 0.012858704764054997,
    "1.0": 0.0104044502699889,
    "16.0": 0.010343825584871423,
    "7.0": 0.009492989486843397,
    "13.0": 0.009089521754854678,
    "78.0": 0.0049419570902659755,
    "80.0": 0.004829069745564468,
    "34.0": 0.004676462779579098,
    "31.0": 0.003411706417645546,
    "71.0": 0.0033322671750778193,
    "77.0": 0.002742744374969949,
    "53.0": 0.002516969685566935,
    "65.0": 0.0022870139833971984,
    "46.0": 0.002207574740829471,
    "68.0": 0.0017873829577738616,
    "36.0": 0.0016305949790217684,
    "72.0": 0.0014821690258031203,
    "2.0": 0.0012814804130004411,
    "73.0": 0.0012752088938503573,
    "19.0": 0.0010619772427475107,
    "41.0": 0.0007923019192939106,
    "69.0": 0.0007630348299268532,
    "32.0": 0.0007316772341764346,
    "42.0": 0.0006877766001258485,
    "91.0": 0.0006438759660752625,
    "47.0": 0.0005916133064912313,
    "66.0": 0.00048081646817308554,
    "58.0": 0.0004703639362562794,
    "74.0": 0.00032402848942099247,
    "3.0": 0.0003156664638875475,
    "38.0": 0.0003073044383541025,
    "55.0": 0.00028012785537040636,
    "61.0": 0.00019441709365259548,
    "54.0": 0.00016724051066889932,
    "60.0": 0.00013379240853511945,
    "30.0": 0.0001254303830016745,
    "75.0": 5.853417873411477e-05,
    "67.0": 4.390063405058607e-05,
    "64.0": 2.9267089367057384e-05,
    "70.0": 2.50860766003349e-05,
    "22.0": 1.0452531916806207e-05,
    "62.0": 8.362025533444966e-06,
    "79.0": 8.362025533444966e-06,
    "76.0": 4.181012766722483e-06,
    "63.0": 2.0905063833612415e-06
}