{
    "52.0": 0.2675409164361883,
    "10.0": 0.19296419171615942,
    "49.0": 0.09723781391566479,
    "40.0": 0.08229278378101527,
    "59.0": 0.06293469467109018,
    "83.0": 0.04473892711031393,
    "28.0": 0.039376778236992344,
    "43.0": 0.030178550150202883,
    "Unknown": 0.02719539754114639,
    "90.0": 0.022184453740229496,
    "37.0": 0.0216179265103386,
    "4.0": 0.013182733253475989,
    "25.0": 0.012720731342753155,
    "1.0": 0.010450441410422846,
    "16.0": 0.010189128112502692,
    "7.0": 0.009543161640044068,
    "13.0": 0.009066526184637705,
    "80.0": 0.004946138103032698,
    "78.0": 0.004862517847698248,
    "34.0": 0.004762173541296908,
    "31.0": 0.0033887108474285727,
    "71.0": 0.0033176336303942905,
    "77.0": 0.002698843740919363,
    "53.0": 0.002414534872782234,
    "65.0": 0.002241022842963251,
    "46.0": 0.002153221574862079,
    "68.0": 0.0018061975152241128,
    "36.0": 0.0016494095364720197,
    "72.0": 0.0015009835832533714,
    "73.0": 0.0012480323108666612,
    "2.0": 0.0012459418044833,
    "19.0": 0.001064067749130872,
    "41.0": 0.0007860304001438269,
    "69.0": 0.0007755778682270206,
    "32.0": 0.0007484012852433245,
    "42.0": 0.0006877766001258485,
    "91.0": 0.0006647810299088748,
    "47.0": 0.0005937038128745926,
    "66.0": 0.0005079930511567817,
    "58.0": 0.0004661829234895569,
    "74.0": 0.0003386620341045211,
    "38.0": 0.000311485451120825,
    "3.0": 0.000311485451120825,
    "55.0": 0.00027385633622032264,
    "61.0": 0.00019650760003595672,
    "54.0": 0.00016933101705226056,
    "60.0": 0.00013379240853511945,
    "30.0": 0.00012961139576839697,
    "75.0": 6.0624685117476004e-05,
    "67.0": 3.971962128386359e-05,
    "64.0": 2.9267089367057384e-05,
    "70.0": 2.50860766003349e-05,
    "22.0": 1.0452531916806207e-05,
    "76.0": 8.362025533444966e-06,
    "62.0": 8.362025533444966e-06,
    "79.0": 8.362025533444966e-06
}