{
    "52.0": 0.26735012145816694,
    "10.0": 0.1928007291671022,
    "49.0": 0.09710172800896408,
    "40.0": 0.08212955259075914,
    "59.0": 0.06281122348720822,
    "83.0": 0.04474092408550989,
    "28.0": 0.039426867968073855,
    "43.0": 0.030295555174619633,
    "Unknown": 0.02727687026762607,
    "90.0": 0.022167683347479063,
    "37.0": 0.021806026499203518,
    "25.0": 0.013023827541945922,
    "4.0": 0.012992470011748622,
    "1.0": 0.010333351451017447,
    "16.0": 0.010253912374517617,
    "7.0": 0.009549413196084908,
    "13.0": 0.009049783214941235,
    "78.0": 0.004916860734936888,
    "80.0": 0.004866688686621205,
    "34.0": 0.004688996015503163,
    "31.0": 0.0033887037633217243,
    "71.0": 0.0032904501687035124,
    "77.0": 0.002767824665415153,
    "53.0": 0.0025253264318893538,
    "65.0": 0.0022661041822583275,
    "46.0": 0.0021511265715348886,
    "68.0": 0.0018124652454040314,
    "36.0": 0.001649406088378063,
    "72.0": 0.0014926184373915553,
    "73.0": 0.001314925766273513,
    "2.0": 0.0012898397421156717,
    "19.0": 0.001091242050866095,
    "41.0": 0.0008278387972087617,
    "69.0": 0.0007839382549325395,
    "32.0": 0.0007358567086300104,
    "42.0": 0.0006877751623274813,
    "91.0": 0.0006877751623274813,
    "47.0": 0.0005916120697224232,
    "66.0": 0.0005184444992620528,
    "58.0": 0.0004599104428937565,
    "38.0": 0.00032611831405193644,
    "74.0": 0.000324027812038783,
    "3.0": 0.00031775630599932265,
    "55.0": 0.0002926702818414814,
    "61.0": 0.00020695969930219042,
    "54.0": 0.00015260664696020102,
    "60.0": 0.0001505161449470476,
    "30.0": 0.0001296111248155132,
    "75.0": 5.017204831568253e-05,
    "67.0": 4.599104428937565e-05,
    "64.0": 2.7176526170994703e-05,
    "70.0": 2.5086024157841265e-05,
    "22.0": 1.0452510065767193e-05,
    "76.0": 8.362008052613754e-06,
    "62.0": 8.362008052613754e-06,
    "79.0": 6.271506039460316e-06,
    "63.0": 2.0905020131534385e-06
}