{
    "56.0": 0.0809191519251433,
    "74.0": 0.06487872997821698,
    "60.0": 0.05783373819388988,
    "31.0": 0.055358583810316206,
    "29.0": 0.05114831275582518,
    "57.0": 0.046413325696032647,
    "83.0": 0.04341972681319692,
    "99.0": 0.039054758609732544,
    "75.0": 0.0318550696764321,
    "45.0": 0.029287933204279675,
    "Unknown": 0.027270598761586606,
    "19.0": 0.025700631749708373,
    "81.0": 0.025433047492024734,
    "79.0": 0.021611609811980247,
    "32.0": 0.02092592515166592,
    "25.0": 0.020752413484574187,
    "53.0": 0.020746141978534725,
    "97.0": 0.020526639267153615,
    "33.0": 0.020169163422904375,
    "68.0": 0.018875142676762397,
    "17.0": 0.017754633597712153,
    "27.0": 0.017700280545370164,
    "16.0": 0.01728427064475263,
    "89.0": 0.013586172583484197,
    "12.0": 0.013249601759366495,
    "55.0": 0.01307609009227476,
    "13.0": 0.01251792605476279,
    "85.0": 0.011255262838818114,
    "26.0": 0.011136104224068367,
    "87.0": 0.008757112933099755,
    "50.0": 0.008698578876731458,
    "90.0": 0.008232396927798242,
    "30.0": 0.00804216124460128,
    "58.0": 0.007814296525167554,
    "98.0": 0.00755089327151022,
    "70.0": 0.007034539274261321,
    "10.0": 0.006854756101130125,
    "77.0": 0.006507732766946654,
    "18.0": 0.005790690576435025,
    "80.0": 0.005727975516040422,
    "82.0": 0.00562972192142221,
    "76.0": 0.005569097363040761,
    "59.0": 0.005059014871831321,
    "2.0": 0.00502765734163402,
    "66.0": 0.004791430614147682,
    "9.0": 0.004459040794056284,
    "15.0": 0.00416428001020165,
    "5.0": 0.003518314888137237,
    "1.0": 0.0032820881606508987,
    "28.0": 0.003181744064019534,
    "46.0": 0.002491878399678899,
    "54.0": 0.002439615849350063,
    "52.0": 0.002326728740639777,
    "78.0": 0.0022723756882977878,
    "69.0": 0.0019608908883379256,
    "6.0": 0.0017581121930620419,
    "94.0": 0.0012187626736684548,
    "84.0": 0.0012166721716553013,
    "48.0": 0.0011037850629450157,
    "20.0": 0.0009929884562478834,
    "65.0": 0.0009469974119585078,
    "4.0": 0.0008424723113008357,
    "3.0": 0.000819476789156148,
    "88.0": 0.0007609427327878517,
    "61.0": 0.0006835941583011744,
    "41.0": 0.00048499646705159777,
    "95.0": 0.0004369149207490687,
    "11.0": 0.000357475844249238,
    "86.0": 0.0002759462657362539,
    "96.0": 0.00025086024157841265,
    "67.0": 0.0002320457234600317,
    "93.0": 0.00020277869527588355,
    "7.0": 0.0001463351409207407,
    "91.0": 9.19820885787513e-05,
    "14.0": 9.19820885787513e-05,
    "40.0": 7.734857448667723e-05,
    "8.0": 6.062455838144972e-05,
    "47.0": 2.0905020131534386e-05
}