{
    "42.0": 0.08999211879093473,
    "53.0": 0.08349482495144799,
    "-9.0": 0.0731112797452927,
    "38.0": 0.06598265297803087,
    "36.0": 0.06310193518175908,
    "35.0": 0.05450995394614438,
    "55.0": 0.043515980876047605,
    "90.0": 0.03958164786256175,
    "34.0": 0.0326913388230031,
    "56.0": 0.03255545590808462,
    "Unknown": 0.02961829443946207,
    "33.0": 0.02672294309850675,
    "60.0": 0.02422896898315679,
    "18.0": 0.02395929365970319,
    "14.0": 0.02241440944239923,
    "37.0": 0.021831158161441447,
    "54.0": 0.020244463816470264,
    "31.0": 0.01951905810144391,
    "91.0": 0.0192284777141567,
    "32.0": 0.017317754879764526,
    "41.0": 0.01437850290475862,
    "10.0": 0.01388932441105209,
    "11.0": 0.013686545291866048,
    "44.0": 0.013314435155627748,
    "61.0": 0.011922157904309161,
    "51.0": 0.011397440802085488,
    "66.0": 0.010567509767891076,
    "25.0": 0.010393997738072093,
    "65.0": 0.009221223657006436,
    "52.0": 0.0075070084226502186,
    "19.0": 0.006896580558708736,
    "13.0": 0.0068004172650741185,
    "48.0": 0.006610181184188246,
    "20.0": 0.004964952660482949,
    "39.0": 0.004622109613611705,
    "30.0": 0.004617928600844983,
    "57.0": 0.004463231128476251,
    "15.0": 0.0036228475623650315,
    "63.0": 0.003486964647446551,
    "12.0": 0.0034660595836129384,
    "50.0": 0.003392891860195295,
    "43.0": 0.0032758235027270655,
    "58.0": 0.0031232165367416948,
    "40.0": 0.003096039953757999,
    "17.0": 0.00277828298348709,
    "21.0": 0.0023204620855309783,
    "99.0": 0.002128135498261744,
    "62.0": 0.0020486962556940168,
    "22.0": 0.001937899417375871,
    "16.0": 0.0013776437066350582,
    "46.0": 0.001298204464067331,
    "49.0": 0.0010745202810476782,
    "23.0": 0.0008236595150443291,
    "47.0": 0.0007065911575760996,
    "45.0": 0.0006898671065092097,
    "24.0": 0.0002362272213198203,
    "26.0": 0.0001505164596020094,
    "64.0": 8.989177448453339e-05
}