{
    "52.0": 0.2671332676914329,
    "10.0": 0.19301018285659335,
    "49.0": 0.09717300821778059,
    "40.0": 0.0820001128873447,
    "59.0": 0.06283016935192212,
    "83.0": 0.044812094833731574,
    "28.0": 0.03944367444125991,
    "43.0": 0.03042522990343951,
    "Unknown": 0.027214212098596643,
    "90.0": 0.022169820195545968,
    "37.0": 0.021689003727372883,
    "4.0": 0.013038488313024064,
    "25.0": 0.012850342738521552,
    "1.0": 0.010500613563623517,
    "16.0": 0.01023720975932,
    "7.0": 0.009574519235794486,
    "13.0": 0.009137603401671987,
    "78.0": 0.0048834229115318605,
    "80.0": 0.004879241898765138,
    "34.0": 0.0047140918944796,
    "31.0": 0.0033782583155117663,
    "71.0": 0.0033636247708282376,
    "77.0": 0.002717658298369614,
    "53.0": 0.0024877025961998773,
    "65.0": 0.002299557021697366,
    "46.0": 0.002190850689762581,
    "68.0": 0.0017957449833073066,
    "36.0": 0.001618051940721601,
    "72.0": 0.001521888647086984,
    "2.0": 0.0012584848427834674,
    "73.0": 0.0012145842087328813,
    "19.0": 0.0010766107874310394,
    "41.0": 0.0008362025533444966,
    "69.0": 0.000796482932060633,
    "32.0": 0.000735858246943157,
    "42.0": 0.000691957612892571,
    "91.0": 0.0006501474852253461,
    "47.0": 0.0006104278639414826,
    "66.0": 0.0005247171022236717,
    "58.0": 0.00044945887242266695,
    "38.0": 0.0003512050724046886,
    "74.0": 0.0003323905149544374,
    "3.0": 0.0003010329192040188,
    "55.0": 0.00028012785537040636,
    "61.0": 0.00018187405535242802,
    "54.0": 0.00016305949790217686,
    "60.0": 0.00014006392768520318,
    "30.0": 0.00013379240853511945,
    "75.0": 5.01721532006698e-05,
    "67.0": 4.390063405058607e-05,
    "64.0": 3.344810213377986e-05,
    "70.0": 1.8814557450251175e-05,
    "22.0": 1.254303830016745e-05,
    "62.0": 8.362025533444966e-06,
    "76.0": 6.271519150083725e-06,
    "79.0": 6.271519150083725e-06,
    "63.0": 2.0905063833612415e-06
}