{
    "42.0": 0.09049384032294143,
    "53.0": 0.08354917811741538,
    "-9.0": 0.07297957784314095,
    "38.0": 0.06568162005882686,
    "36.0": 0.06286570796043926,
    "35.0": 0.0547190045844805,
    "55.0": 0.04362468720798239,
    "90.0": 0.03921789975185689,
    "56.0": 0.0327289679379036,
    "34.0": 0.032593085022985115,
    "Unknown": 0.0296705570990461,
    "33.0": 0.0268713690517254,
    "60.0": 0.024456834178943166,
    "18.0": 0.02409517657462167,
    "14.0": 0.022631822106268802,
    "37.0": 0.02187296828910867,
    "54.0": 0.020265368880303877,
    "31.0": 0.01947933848016005,
    "91.0": 0.019057056190721077,
    "32.0": 0.017451547288299646,
    "41.0": 0.014365959866458453,
    "11.0": 0.013855876308918309,
    "10.0": 0.013803613649334278,
    "44.0": 0.01321618135560977,
    "61.0": 0.01173401232980665,
    "51.0": 0.011144489529698778,
    "66.0": 0.010630224959391914,
    "25.0": 0.010385635712538649,
    "65.0": 0.009352925559158195,
    "52.0": 0.0073920305715653506,
    "13.0": 0.006856860937424872,
    "19.0": 0.006773240682090423,
    "48.0": 0.006520289409703712,
    "20.0": 0.00496704316686631,
    "39.0": 0.004586571005094564,
    "30.0": 0.0045468513838107,
    "57.0": 0.004413058975275581,
    "15.0": 0.003650024145348728,
    "63.0": 0.003512050724046886,
    "12.0": 0.0034221589495623526,
    "50.0": 0.003374077302745044,
    "43.0": 0.0032423754005932856,
    "58.0": 0.003217289323992951,
    "40.0": 0.0029977861537400204,
    "17.0": 0.002767830451570284,
    "21.0": 0.0022911949961639208,
    "99.0": 0.002190850689762581,
    "62.0": 0.0020716918259109903,
    "22.0": 0.001896089289708646,
    "16.0": 0.001350467123651362,
    "46.0": 0.0012752088938503573,
    "49.0": 0.0011539595236154053,
    "23.0": 0.0008320215405777741,
    "45.0": 0.0007170436894929059,
    "47.0": 0.0006982291320426547,
    "24.0": 0.0002613132979201552,
    "26.0": 0.0001463354468352869,
    "64.0": 8.152974895108843e-05
}