{
    "56.0": 0.08150257236810472,
    "74.0": 0.06467817699481346,
    "60.0": 0.05784013061483883,
    "31.0": 0.05539005713353946,
    "29.0": 0.05098745069018068,
    "57.0": 0.04629635436591806,
    "83.0": 0.043628868220749115,
    "99.0": 0.03919281367525656,
    "75.0": 0.031710891329206674,
    "45.0": 0.02923155075854024,
    "Unknown": 0.027182854502846226,
    "19.0": 0.025821934847278055,
    "81.0": 0.025230321540786825,
    "79.0": 0.021647193599705655,
    "32.0": 0.0210409467485309,
    "25.0": 0.020902973327229055,
    "53.0": 0.020566401799507895,
    "97.0": 0.02031136002073782,
    "33.0": 0.02023610179093682,
    "68.0": 0.01889608719920226,
    "27.0": 0.01789891565433895,
    "17.0": 0.017622968811735265,
    "16.0": 0.01724249664996352,
    "89.0": 0.013573657947164542,
    "12.0": 0.013260081989660355,
    "55.0": 0.013005040210890283,
    "13.0": 0.01259530095975148,
    "85.0": 0.01134935915526818,
    "26.0": 0.011322182572284484,
    "87.0": 0.008784307822883938,
    "50.0": 0.008550171107947478,
    "90.0": 0.008226142618526486,
    "30.0": 0.008079807171691199,
    "58.0": 0.00782685589930449,
    "98.0": 0.007521641967333747,
    "70.0": 0.006877766001258485,
    "10.0": 0.006827593848057815,
    "77.0": 0.00648266029480321,
    "18.0": 0.005744711541476692,
    "76.0": 0.005700810907426106,
    "80.0": 0.005558656473357541,
    "82.0": 0.005535660903140568,
    "59.0": 0.005063206460500927,
    "2.0": 0.005029758358367147,
    "66.0": 0.0048938754434486665,
    "9.0": 0.004306443149724158,
    "15.0": 0.004214460868856263,
    "5.0": 0.0034911456602132736,
    "1.0": 0.0032402848942099244,
    "28.0": 0.0031545741324921135,
    "46.0": 0.002560870319617521,
    "54.0": 0.0024647070259829038,
    "52.0": 0.0023664532259649253,
    "78.0": 0.002232660817429806,
    "69.0": 0.0019943430897266246,
    "6.0": 0.0017790209322404167,
    "94.0": 0.0012459418044833,
    "84.0": 0.001185317119365824,
    "48.0": 0.001124692434248348,
    "20.0": 0.0010076240767801184,
    "65.0": 0.0009679044554962549,
    "4.0": 0.0008341120469611354,
    "3.0": 0.0008194785022776067,
    "88.0": 0.0007463107788599632,
    "61.0": 0.0006773240682090422,
    "41.0": 0.0004787259617897243,
    "95.0": 0.00047663545540636306,
    "11.0": 0.00031984747665427,
    "86.0": 0.00025922279153679393,
    "96.0": 0.00024667975323662653,
    "67.0": 0.00024040823408654277,
    "93.0": 0.00021323165110284664,
    "7.0": 0.00014215443406856443,
    "91.0": 8.780126810117214e-05,
    "14.0": 8.780126810117214e-05,
    "40.0": 8.362025533444966e-05,
    "8.0": 5.853417873411477e-05,
    "47.0": 2.2995570216973658e-05
}