{
    "42.0": 0.09032869031865588,
    "53.0": 0.08332340342801237,
    "-9.0": 0.07347711836238092,
    "38.0": 0.06584258905034567,
    "36.0": 0.06307684910515875,
    "35.0": 0.054800534333431586,
    "55.0": 0.043378007454745765,
    "90.0": 0.039372597224225626,
    "56.0": 0.03262444261873554,
    "34.0": 0.03258054198468495,
    "Unknown": 0.029747905835230466,
    "33.0": 0.026785658290007588,
    "60.0": 0.02446519620447661,
    "18.0": 0.023877763910752102,
    "14.0": 0.022514753748800572,
    "37.0": 0.0217851670210075,
    "54.0": 0.02029045495690421,
    "31.0": 0.019569230254644583,
    "91.0": 0.01917830556095603,
    "32.0": 0.01714006183717882,
    "41.0": 0.014296973155807531,
    "10.0": 0.013818247194017808,
    "11.0": 0.01378898010465075,
    "44.0": 0.01341896047479581,
    "61.0": 0.011780003470240597,
    "51.0": 0.011299187002067512,
    "66.0": 0.01062395344024183,
    "25.0": 0.010197490138036136,
    "65.0": 0.00919195656763938,
    "52.0": 0.0075174609545670245,
    "13.0": 0.006794145745924035,
    "19.0": 0.006714706503356308,
    "48.0": 0.006606000171421524,
    "20.0": 0.005002581775383451,
    "30.0": 0.004565665941260952,
    "39.0": 0.004561484928494229,
    "57.0": 0.004371248847608356,
    "15.0": 0.003677200728332424,
    "63.0": 0.0034660595836129384,
    "12.0": 0.0034200684431789914,
    "50.0": 0.003376167809128405,
    "43.0": 0.0033469007197613476,
    "58.0": 0.003096039953757999,
    "40.0": 0.0030019671665067428,
    "17.0": 0.002836817162221205,
    "21.0": 0.0023141905663808943,
    "99.0": 0.0021866696769958587,
    "62.0": 0.002034062711010488,
    "22.0": 0.001983890557809818,
    "16.0": 0.001469625987502953,
    "46.0": 0.001287751932150525,
    "49.0": 0.0011037873704147355,
    "23.0": 0.000813206983127523,
    "45.0": 0.0007086816639594609,
    "47.0": 0.0006961386256592935,
    "24.0": 0.00023413671493645907,
    "26.0": 0.00014424494045192567,
    "64.0": 9.407278725125587e-05
}