{
    "56.0": 0.08109701412973265,
    "74.0": 0.0648370554799489,
    "60.0": 0.057810863525471774,
    "31.0": 0.055354518525022316,
    "29.0": 0.051173505758299834,
    "57.0": 0.04621900562973369,
    "83.0": 0.04378147518673448,
    "99.0": 0.03917608962418967,
    "75.0": 0.03167535272068953,
    "45.0": 0.029371614686225445,
    "Unknown": 0.027214212098596643,
    "19.0": 0.02569232345150966,
    "81.0": 0.025244955085470352,
    "79.0": 0.02163465056140549,
    "32.0": 0.020990774595330226,
    "25.0": 0.02082562459104469,
    "53.0": 0.020714827752726542,
    "97.0": 0.020516229646307223,
    "33.0": 0.019995693556850276,
    "68.0": 0.019069599229021246,
    "17.0": 0.017798571347937612,
    "27.0": 0.017754670713887026,
    "16.0": 0.017215320066979824,
    "89.0": 0.01363637313866538,
    "12.0": 0.013226633887526576,
    "55.0": 0.013155556670492294,
    "13.0": 0.012591119946984758,
    "85.0": 0.011328454091434568,
    "26.0": 0.01129709649568415,
    "50.0": 0.008665148959032346,
    "87.0": 0.008623338831365122,
    "90.0": 0.008169698946175733,
    "30.0": 0.008015001473807,
    "58.0": 0.007837308431221294,
    "98.0": 0.007571814120534417,
    "70.0": 0.007022010941710411,
    "10.0": 0.006821322328907731,
    "77.0": 0.006447121686286069,
    "18.0": 0.00570708242657619,
    "80.0": 0.005686177362742577,
    "76.0": 0.005604647613791489,
    "82.0": 0.005521027358457039,
    "59.0": 0.005142645703068654,
    "2.0": 0.005002581775383451,
    "66.0": 0.004762173541296908,
    "9.0": 0.004440235558259277,
    "15.0": 0.004172650741189038,
    "5.0": 0.003547589332564027,
    "1.0": 0.0032151988176095897,
    "28.0": 0.0032131083112262285,
    "46.0": 0.002502336140883406,
    "54.0": 0.0024124443663988727,
    "52.0": 0.0022640184131802244,
    "78.0": 0.002243113349346612,
    "69.0": 0.0019504424556760385,
    "6.0": 0.0017497538428733592,
    "94.0": 0.0012313082597997713,
    "84.0": 0.0012124937023495202,
    "48.0": 0.001124692434248348,
    "20.0": 0.0009804474937964223,
    "65.0": 0.0009511804044293649,
    "4.0": 0.0008362025533444966,
    "3.0": 0.0008278405278110516,
    "88.0": 0.0007421297660932407,
    "61.0": 0.0006794145745924035,
    "41.0": 0.00046409241710619565,
    "95.0": 0.00043900634050586074,
    "11.0": 0.00034075254048788236,
    "86.0": 0.00027385633622032264,
    "96.0": 0.00024877025961998777,
    "67.0": 0.00024040823408654277,
    "93.0": 0.00020905063833612415,
    "7.0": 0.0001505164596020094,
    "91.0": 0.0001003443064013396,
    "14.0": 9.198228086789463e-05,
    "40.0": 6.898671065092097e-05,
    "8.0": 5.853417873411477e-05,
    "47.0": 1.8814557450251175e-05
}