{
    "52.0": 0.26754662864740336,
    "10.0": 0.19264185101410253,
    "49.0": 0.09712890453513506,
    "40.0": 0.08201457498003571,
    "59.0": 0.0630683552348261,
    "83.0": 0.04473465257947044,
    "28.0": 0.03962128465529712,
    "43.0": 0.03013040551558051,
    "Unknown": 0.02729568478574445,
    "90.0": 0.022276389452163044,
    "37.0": 0.021680596378414314,
    "4.0": 0.013128352642603595,
    "25.0": 0.012929754951354018,
    "1.0": 0.010301993920820146,
    "16.0": 0.010120120245675797,
    "7.0": 0.009515965163874453,
    "13.0": 0.0091501273115726,
    "78.0": 0.004864598184608051,
    "80.0": 0.0047956116181739885,
    "34.0": 0.004724534549726772,
    "31.0": 0.0034033372774137983,
    "71.0": 0.003361527237150729,
    "77.0": 0.002755281653336232,
    "53.0": 0.002473063881560518,
    "65.0": 0.002287009202389862,
    "46.0": 0.0021803935997190367,
    "68.0": 0.0018041032373514176,
    "36.0": 0.001620139060193915,
    "72.0": 0.0014947089394047087,
    "2.0": 0.0013274687783524336,
    "73.0": 0.0012710252239972906,
    "19.0": 0.0010661560267082536,
    "69.0": 0.0008090242790903808,
    "41.0": 0.0007902097609719998,
    "32.0": 0.0007400377126563172,
    "42.0": 0.0007044991784327089,
    "91.0": 0.0006376031140117987,
    "47.0": 0.0005811595596566559,
    "66.0": 0.0005038109851699787,
    "58.0": 0.0004933584751042116,
    "3.0": 0.00033238982009139675,
    "74.0": 0.0003219373100256296,
    "38.0": 0.0003156658039861692,
    "55.0": 0.0002696747596967936,
    "61.0": 0.00019650718923642322,
    "54.0": 0.0001609686550128148,
    "60.0": 0.00013797313286812696,
    "30.0": 0.00011497761072343913,
    "75.0": 5.853405636829628e-05,
    "67.0": 4.3900542276222214e-05,
    "64.0": 2.5086024157841265e-05,
    "70.0": 1.6724016105227508e-05,
    "62.0": 1.0452510065767193e-05,
    "22.0": 8.362008052613754e-06,
    "76.0": 6.271506039460316e-06,
    "79.0": 4.181004026306877e-06,
    "63.0": 2.0905020131534385e-06
}