{
    "42.0": 0.09048338779102462,
    "53.0": 0.08319170152586061,
    "-9.0": 0.07342067469003016,
    "38.0": 0.06576105930139457,
    "36.0": 0.06257721807953541,
    "35.0": 0.0545789406567953,
    "55.0": 0.04324212453982728,
    "90.0": 0.03947712254339369,
    "56.0": 0.03280840718047132,
    "34.0": 0.03280631667408796,
    "Unknown": 0.02995068495441651,
    "33.0": 0.026714581072973306,
    "60.0": 0.024479829749160138,
    "18.0": 0.02397601771077008,
    "14.0": 0.022623460080735357,
    "37.0": 0.021883420821025477,
    "54.0": 0.020208925207953123,
    "31.0": 0.019780371399364068,
    "91.0": 0.018979707454536712,
    "32.0": 0.017317754879764526,
    "41.0": 0.014397317462208872,
    "11.0": 0.013914410487652424,
    "10.0": 0.013895595930202172,
    "44.0": 0.013260081989660355,
    "61.0": 0.01170265473405623,
    "51.0": 0.011129855985015251,
    "66.0": 0.010569600274274437,
    "25.0": 0.010327101533804534,
    "65.0": 0.009288119861273996,
    "52.0": 0.007440112218382659,
    "19.0": 0.006865222962958317,
    "13.0": 0.006817141316141009,
    "48.0": 0.006545375486304047,
    "20.0": 0.004927323545582446,
    "30.0": 0.004590752017861286,
    "39.0": 0.004486226698693224,
    "57.0": 0.0043984254305920525,
    "15.0": 0.0036834722474825077,
    "12.0": 0.0035183222431969694,
    "63.0": 0.003495326672979996,
    "50.0": 0.0033364481878445417,
    "43.0": 0.003288366541027233,
    "58.0": 0.0031629361580255587,
    "40.0": 0.0030333247622571615,
    "17.0": 0.0027991880473207027,
    "21.0": 0.002316281072764256,
    "99.0": 0.0021678551195456076,
    "62.0": 0.0019922525833432634,
    "22.0": 0.0019107228343921748,
    "16.0": 0.0014215443406856443,
    "46.0": 0.0013044759832174149,
    "49.0": 0.0010975158512646517,
    "23.0": 0.000857107617178109,
    "45.0": 0.000675233561825681,
    "47.0": 0.0006606000171421523,
    "24.0": 0.0002362272213198203,
    "26.0": 0.0001317019021517582,
    "64.0": 9.407278725125587e-05
}