{
    "56.0": 0.08109910463611601,
    "74.0": 0.06489977067144974,
    "60.0": 0.05781922555100522,
    "31.0": 0.05523745016755409,
    "29.0": 0.05108152347743194,
    "57.0": 0.046407151204236205,
    "83.0": 0.043472080241997016,
    "99.0": 0.03916563709227286,
    "75.0": 0.03175061095049054,
    "45.0": 0.029277541898974187,
    "Unknown": 0.027168220958162695,
    "19.0": 0.025790577251527638,
    "81.0": 0.025332756353571524,
    "79.0": 0.021454867012436422,
    "32.0": 0.021057670799597788,
    "25.0": 0.02096359801234653,
    "53.0": 0.02072528028464335,
    "97.0": 0.020361532173938494,
    "33.0": 0.02018383913135279,
    "68.0": 0.01896089289708646,
    "27.0": 0.017781847296870722,
    "17.0": 0.017683593496852744,
    "16.0": 0.01734284095636486,
    "89.0": 0.013640554151432102,
    "55.0": 0.013193185785392796,
    "12.0": 0.013138832619425403,
    "13.0": 0.012639201593802067,
    "26.0": 0.011397440802085488,
    "85.0": 0.011338906623351375,
    "50.0": 0.00867142047818243,
    "87.0": 0.008579438197314536,
    "90.0": 0.008140431856808674,
    "30.0": 0.00803172552487389,
    "98.0": 0.007684701465235924,
    "58.0": 0.007680520452469202,
    "70.0": 0.006934209673609238,
    "10.0": 0.006815050809757648,
    "77.0": 0.006470117256503043,
    "18.0": 0.005767707111693665,
    "76.0": 0.005598376094641405,
    "80.0": 0.005596285588258044,
    "82.0": 0.005525208371223761,
    "59.0": 0.005086202030717901,
    "2.0": 0.005046482409434038,
    "66.0": 0.004877151392381777,
    "9.0": 0.00436079631569155,
    "15.0": 0.0041768317539557604,
    "5.0": 0.003597761485764697,
    "1.0": 0.0032632804644268983,
    "28.0": 0.0032465564133600084,
    "46.0": 0.0025462367749339923,
    "54.0": 0.002452163987682736,
    "52.0": 0.0022681994259469472,
    "78.0": 0.002266108919563586,
    "69.0": 0.002000614608876708,
    "6.0": 0.0017602063747901653,
    "84.0": 0.0012083126895827976,
    "94.0": 0.0011915886385159076,
    "48.0": 0.0010933348384979294,
    "20.0": 0.0009825380001797835,
    "65.0": 0.0008989177448453339,
    "4.0": 0.0008320215405777741,
    "3.0": 0.0008320215405777741,
    "88.0": 0.0007755778682270206,
    "61.0": 0.0006773240682090422,
    "95.0": 0.0004578208979561119,
    "41.0": 0.0004515493788060282,
    "11.0": 0.0003470240596379661,
    "86.0": 0.0002634038043035164,
    "67.0": 0.000250860766003349,
    "96.0": 0.00024667975323662653,
    "93.0": 0.00019859810641931796,
    "7.0": 0.00014006392768520318,
    "91.0": 0.00010243481278470083,
    "14.0": 8.152974895108843e-05,
    "40.0": 7.734873618436594e-05,
    "8.0": 6.271519150083725e-05,
    "47.0": 1.8814557450251175e-05
}