{
    "56.0": 0.08133516182576084,
    "74.0": 0.0645944217044281,
    "60.0": 0.057760570623429514,
    "31.0": 0.05505964202243527,
    "29.0": 0.051361543961166836,
    "57.0": 0.04639033017388796,
    "83.0": 0.04350961839976252,
    "99.0": 0.03908611613992984,
    "75.0": 0.03204112435560275,
    "45.0": 0.02945517336533195,
    "Unknown": 0.027230879223336692,
    "19.0": 0.025633735685287463,
    "81.0": 0.025334793897406522,
    "79.0": 0.021344025554296608,
    "32.0": 0.020997002220113137,
    "25.0": 0.02094264916777115,
    "53.0": 0.020764956496653105,
    "97.0": 0.020440928684614324,
    "33.0": 0.020008194767891563,
    "68.0": 0.018965034263327997,
    "27.0": 0.017729547573554313,
    "17.0": 0.0176898280353044,
    "16.0": 0.01740970076554184,
    "89.0": 0.01356944856737897,
    "12.0": 0.013182705694945585,
    "55.0": 0.012996651015774928,
    "13.0": 0.012488659026578643,
    "85.0": 0.011328430409278485,
    "26.0": 0.011238538822712887,
    "87.0": 0.008788470463297057,
    "50.0": 0.008571058253929098,
    "90.0": 0.00821358240967986,
    "30.0": 0.00807351877479858,
    "58.0": 0.007787119998996559,
    "98.0": 0.007657508874181046,
    "70.0": 0.006992729233998253,
    "10.0": 0.006781588530669755,
    "77.0": 0.006551633309222877,
    "18.0": 0.005723794512014115,
    "80.0": 0.005702889491882581,
    "76.0": 0.005654807945580051,
    "82.0": 0.00562345041538275,
    "59.0": 0.005102915414107544,
    "2.0": 0.004973304289292031,
    "66.0": 0.004868779188634358,
    "9.0": 0.004425592761845829,
    "15.0": 0.004126650973964888,
    "5.0": 0.0034848668559267822,
    "28.0": 0.0032632736425325178,
    "1.0": 0.0032486401284404437,
    "46.0": 0.0025441409500077347,
    "54.0": 0.0024228918332448355,
    "52.0": 0.002293280708429322,
    "78.0": 0.0022807376963504015,
    "69.0": 0.0019901579165220737,
    "6.0": 0.0017664742011146556,
    "94.0": 0.0012501202038657563,
    "84.0": 0.0012083101636026876,
    "48.0": 0.0010640655246951002,
    "20.0": 0.0009846264481952697,
    "65.0": 0.0009135493797480527,
    "4.0": 0.0008487438173402961,
    "3.0": 0.0008027527730509205,
    "88.0": 0.000714951688498476,
    "61.0": 0.0006961371703800951,
    "95.0": 0.0004745439569858306,
    "41.0": 0.0004703629529595237,
    "11.0": 0.00035956634626239145,
    "86.0": 0.0002592222496310264,
    "67.0": 0.00024458873553895235,
    "96.0": 0.00022577421742057138,
    "93.0": 0.00020905020131534386,
    "7.0": 0.00012543012078920632,
    "91.0": 9.825359461821161e-05,
    "14.0": 9.825359461821161e-05,
    "40.0": 7.52580724735238e-05,
    "8.0": 5.4353052341989405e-05,
    "47.0": 1.881451811838095e-05
}