{
    "42.0": 0.09034522550245216,
    "53.0": 0.08348628839729573,
    "-9.0": 0.07303377833152853,
    "38.0": 0.0661434836961748,
    "36.0": 0.0629512871220895,
    "35.0": 0.05457464555538367,
    "55.0": 0.043403002797091694,
    "90.0": 0.039330704875468796,
    "56.0": 0.03271008499981185,
    "34.0": 0.032582564377009494,
    "Unknown": 0.029787563185423346,
    "33.0": 0.026781421290508704,
    "60.0": 0.024151569757961677,
    "18.0": 0.023969696082817328,
    "14.0": 0.022740480899083107,
    "37.0": 0.02175167344686153,
    "54.0": 0.02017752543095699,
    "31.0": 0.01968416695585278,
    "91.0": 0.01904656384184098,
    "32.0": 0.01735116670917354,
    "41.0": 0.014368020336403584,
    "10.0": 0.013826580314996843,
    "11.0": 0.013726236218365478,
    "44.0": 0.013335312341905785,
    "61.0": 0.011784159848145934,
    "51.0": 0.011079660669713226,
    "66.0": 0.010713822817411373,
    "25.0": 0.010452510065767194,
    "65.0": 0.009260923918269734,
    "52.0": 0.007521626243326072,
    "19.0": 0.006798312546774983,
    "13.0": 0.0067774075266434485,
    "48.0": 0.006572538329354411,
    "20.0": 0.004994209309423565,
    "30.0": 0.00463255246114802,
    "39.0": 0.004574018404779724,
    "57.0": 0.004400506737687988,
    "15.0": 0.003601934968663375,
    "63.0": 0.0035015908720320097,
    "12.0": 0.0034911383619662425,
    "50.0": 0.0033238982009139674,
    "43.0": 0.003244459124414137,
    "58.0": 0.003156658039861692,
    "40.0": 0.0030625854492697877,
    "17.0": 0.0028179967137308354,
    "21.0": 0.002341362254731851,
    "99.0": 0.002186665105758497,
    "62.0": 0.002015243940679915,
    "22.0": 0.0019211713500880102,
    "16.0": 0.001396455344786497,
    "46.0": 0.0012668442199709837,
    "49.0": 0.0011184185770370897,
    "23.0": 0.0008215672911693014,
    "47.0": 0.0007191326925247829,
    "45.0": 0.0006940466683669417,
    "24.0": 0.0002487697395652592,
    "26.0": 0.0001505161449470476,
    "64.0": 9.825359461821161e-05
}